{
	"$schema": "https://raw.githubusercontent.com/microsoft/vscode-github-triage-actions/master/classifier-deep/apply/apply-labels/deep-classifier-config.schema.json",
	"vacation": ["RMacfarlane", "eamodio"],
	"assignees": {
		"nameToOverrideAccuracyOf": {"accuracy": 0.8}
	},
	"labels": {
		"L10N": {"assign": ["TylerLeonhardt", "csigs"]},
		"VIM": {"assign": []},
		"accessibility": { "assign": ["sana-ajani"]},
		"api": {"assign": ["jrieken"]},
		"api-finalization": {"assign": []},
		"api-proposal": {"assign": ["jrieken"]},
		"authentication": {"assign": ["TylerLeonhardt"]},
		"bracket-pair-colorization": {"assign": ["hediet"]},
		"bracket-pair-guides": {"assign": ["hediet"]},
		"breadcrumbs": {"assign": ["jrieken"]},
		"callhierarchy": {"assign": ["jrieken"]},
		"code-lens": {"assign": ["jrieken"]},
		"color-palette": {"assign": []},
		"comments": {"assign": ["rebornix"]},
		"config": {"assign": ["sandy081"]},
		"context-keys": {"assign": []},
		"css-less-scss": {"assign": ["aeschli"]},
		"custom-editors": {"assign": ["mjbvz"]},
		"debug": {"assign": ["weinand"]},
		"dialogs": {"assign": ["sbatten"]},
		"diff-editor": {"assign": ["alexdima"]},
		"dropdown": {"assign": []},
		"editor-api": {"assign": ["alexdima"]},
		"editor-autoclosing": {"assign": ["alexdima"]},
		"editor-autoindent": {"assign": ["rebornix"]},
		"editor-bracket-matching": {"assign": ["hediet"]},
		"editor-clipboard": {"assign": ["alexdima", "rebornix"]},
		"editor-code-actions": {"assign": []},
		"editor-color-picker": {"assign": ["rebornix"]},
		"editor-columnselect": {"assign": ["alexdima"]},
		"editor-commands": {"assign": ["alexdima"]},
		"editor-comments": {"assign": ["alexdima"]},
		"editor-contrib": {"assign": ["alexdima"]},
		"editor-core": {"assign": ["alexdima"]},
		"editor-drag-and-drop": {"assign": ["rebornix"]},
		"editor-error-widget": {"assign": ["sandy081"]},
		"editor-find": {"assign": ["rebornix"]},
		"editor-folding": {"assign": ["aeschli"]},
		"editor-highlight": {"assign": ["alexdima"]},
		"editor-hover": {"assign": []},
		"editor-indent-detection": {"assign": ["alexdima"]},
		"editor-indent-guides": {"assign": ["hediet"]},
		"editor-input": {"assign": ["alexdima"]},
		"editor-input-IME": {"assign": ["alexdima", "rebornix"]},
		"editor-minimap": {"assign": ["alexdima"]},
		"editor-multicursor": {"assign": ["alexdima"]},
		"editor-parameter-hints": {"assign": []},
		"editor-render-whitespace": {"assign": ["alexdima"]},
		"editor-rendering": {"assign": ["alexdima"]},
		"editor-RTL": {"assign": ["alexdima"]},
		"editor-scrollbar": {"assign": ["alexdima"]},
		"editor-symbols": {"assign": ["jrieken"]},
		"editor-synced-region": {"assign": ["aeschli"]},
		"editor-textbuffer": {"assign": ["rebornix"]},
		"editor-theming": {"assign": ["alexdima"]},
		"editor-wordnav": {"assign": ["alexdima"]},
		"editor-wrapping": {"assign": ["alexdima"]},
		"emmet": {"assign": ["rzhao271"]},
		"error-list": {"assign": ["sandy081"]},
		"explorer-custom": {"assign": ["sandy081"]},
		"extension-host": {"assign": ["alexdima"]},
		"extensions": {"assign": ["sandy081"]},
		"extensions-development": {"assign": []},
		"file-decorations": {"assign": ["jrieken"]},
		"file-encoding": {"assign": ["bpasero"]},
		"file-explorer": {"assign": ["JacksonKearl"]},
		"file-glob": {"assign": ["bpasero"]},
		"file-guess-encoding": {"assign": ["bpasero"]},
		"file-io": {"assign": ["bpasero"]},
		"file-watcher": {"assign": ["bpasero"]},
		"font-rendering": {"assign": []},
		"formatting": {"assign": []},
		"ghost-text": {"assign": ["hediet"]},
		"git": {"assign": ["lszomoru"]},
		"gpu": {"assign": ["deepak1556"]},
		"grammar": {"assign": ["mjbvz"]},
		"grid-view": {"assign": ["joaomoreno"]},
		"html": {"assign": ["aeschli"]},
		"i18n": {"assign": []},
		"icon-brand": {"assign": []},
		"icons-product": {"assign": ["misolori"]},
		"inlay-hints": {"assign": ["jrieken", "hediet"]},
		"inline-completions": {"assign": ["hediet"]},
		"install-update": {"assign": []},
		"terminal": {"assign": ["meganrogge"]},
		"terminal-conpty": {"assign": ["meganrogge"]},
		"terminal-links": {"assign": ["meganrogge"]},
		"terminal-external": {"assign": ["meganrogge"]},
		"integration-test": {"assign": []},
		"intellisense-config": {"assign": []},
		"ipc": {"assign": ["joaomoreno"]},
		"issue-bot": {"assign": ["chrmarti"]},
		"issue-reporter": {"assign": ["TylerLeonhardt"]},
		"javascript": {"assign": ["mjbvz"]},
		"json": {"assign": ["aeschli"]},
		"keybindings": {"assign": ["alexdima"]},
		"keybindings-editor": {"assign": ["sandy081"]},
		"keyboard-layout": {"assign": ["alexdima"]},
		"languages-basic": {"assign": ["aeschli"]},
		"languages-diagnostics": {"assign": ["jrieken"]},
		"layout": {"assign": ["sbatten"]},
		"lcd-text-rendering": {"assign": []},
		"list": {"assign": ["joaomoreno"]},
		"log": {"assign": []},
		"markdown": {"assign": ["mjbvz"]},
		"marketplace": {"assign": ["isidorn"]},
		"menus": {"assign": ["sbatten"]},
		"merge-conflict": {"assign": ["chrmarti"]},
		"notebook": {"assign": ["rebornix"]},
		"outline": {"assign": ["jrieken"]},
		"output": {"assign": []},
		"perf": {"assign": []},
		"perf-bloat": {"assign": []},
		"perf-startup": {"assign": []},
		"php": {"assign": ["roblourens"]},
		"portable-mode": {"assign": ["joaomoreno"]},
		"proxy": {"assign": []},
		"quick-open": {"assign": ["TylerLeonhardt"]},
		"quick-pick": {"assign": ["TylerLeonhardt"]},
		"references-viewlet": {"assign": ["jrieken"]},
		"release-notes": {"assign": []},
		"remote": {"assign": []},
		"remote-connection": {"assign": ["alexdima"]},
		"remote-explorer": {"assign": ["alexr00"]},
		"rename": {"assign": ["jrieken"]},
		"scm": {"assign": ["lszomoru"]},
		"screencast-mode": {"assign": ["lszomoru"]},
		"search": {"assign": ["roblourens"]},
		"search-editor": {"assign": ["JacksonKearl"]},
		"search-replace": {"assign": ["sandy081"]},
		"semantic-tokens": {"assign": ["alexdima", "aeschli"]},
		"settings-editor": {"assign": ["rzhao271"]},
		"settings-sync": {"assign": ["sandy081"]},
		"simple-file-dialog": {"assign": ["alexr00"]},
		"smart-select": {"assign": ["jrieken"]},
		"smoke-test": {"assign": []},
		"snap": {"assign": ["joaomoreno"]},
		"snippets": {"assign": ["jrieken"]},
		"splitview": {"assign": ["joaomoreno"]},
		"suggest": {"assign": ["jrieken"]},
		"tasks": {"assign": ["alexr00"], "accuracy": 0.85},
		"telemetry": {"assign": []},
		"themes": {"assign": ["aeschli"]},
		"timeline": {"assign": ["JacksonKearl"]},
		"timeline-git": {"assign": ["lszomoru"]},
		"titlebar": {"assign": ["sbatten"]},
		"tokenization": {"assign": []},
		"trackpad/scroll": {"assign": []},
		"tree": {"assign": ["joaomoreno"]},
		"typescript": {"assign": ["mjbvz"]},
		"undo-redo": {"assign": ["alexdima"]},
		"unit-test": {"assign": []},
		"uri": {"assign": ["jrieken"]},
		"ux": {"assign": ["misolori"]},
		"variable-resolving": {"assign": []},
		"vscode-build": {"assign": []},
		"web": {"assign": []},
		"webview": {"assign": ["mjbvz"]},
		"workbench-actions": {"assign": ["bpasero"]},
		"workbench-cli": {"assign": ["bpasero"]},
		"workbench-diagnostics": {"assign": ["Tyriar"]},
		"workbench-dnd": {"assign": ["bpasero"]},
		"workbench-editor-grid": {"assign": ["sbatten"]},
		"workbench-editor-groups": {"assign": ["bpasero"]},
		"workbench-editor-resolver": {"assign": ["lramos15"]},
		"workbench-editors": {"assign": ["bpasero"]},
		"workbench-electron": {"assign": ["deepak1556"]},
		"workbench-feedback": {"assign": ["bpasero"]},
		"workbench-history": {"assign": ["bpasero"]},
		"workbench-hot-exit": {"assign": ["bpasero"]},
		"workbench-hover": {"assign": ["Tyriar"]},
		"workbench-launch": {"assign": []},
		"workbench-link": {"assign": []},
		"workbench-multiroot": {"assign": ["bpasero"]},
		"workbench-notifications": {"assign": ["bpasero"]},
		"workbench-os-integration": {"assign": ["bpasero"]},
		"workbench-rapid-render": {"assign": ["jrieken"]},
		"workbench-run-as-admin": {"assign": ["bpasero"]},
		"workbench-state": {"assign": ["bpasero"]},
		"workbench-status": {"assign": ["bpasero"]},
		"workbench-tabs": {"assign": ["bpasero"]},
		"workbench-touchbar": {"assign": ["bpasero"]},
		"workbench-untitled-editors": {"assign": ["bpasero"]},
		"workbench-views": {"assign": ["sbatten"]},
		"workbench-welcome": {"assign": ["JacksonKearl"]},
		"workbench-window": {"assign": ["bpasero"]},
		"workbench-zen": {"assign": ["JacksonKearl"]},
		"workspace-edit": {"assign": ["jrieken"]},
		"workspace-symbols": {"assign": []},
		"zoom": {"assign": ["alexdima"] }
		}
}
